sr,sr.sd
0.6451219512195122,0.11824187927271297
