yrs,.variable,LCL,UCL,mean
1991,No action counterfactual,8557.438608623277,11002.982095932726,9705.985629287012
1991,Actual,8557.438608623277,11002.982095932726,9705.985629287012
2023,No action counterfactual,2787.5353258138803,3617.8133675914314,3171.6481699358524
2023,Actual,4236.1046854153965,5304.961520884593,4732.007799922697
