yrs,.variable,LCL,UCL,mean
1991,No action counterfactual,8649.20155990155,11077.321014827792,9811.000680718174
1991,Actual,8649.20155990155,11077.321014827792,9811.000680718174
2023,No action counterfactual,2828.3279557613732,3648.9034961333195,3220.040655885444
2023,Actual,4376.876699361214,5571.554513601668,4920.78149206615
