yrs,.variable,LCL,UCL,mean
1991,No action counterfactual,8506.92473293193,10953.642173762506,9638.978659361901
1991,Actual,8506.92473293193,10953.642173762506,9638.978659361901
2023,No action counterfactual,2793.42998193336,3605.070869162382,3174.2875807091377
2023,Actual,4240.907795356757,5280.24203637281,4727.312391511339
