yrs,.variable,LCL,UCL,mean
1991,No action counterfactual,8569.56263661294,10996.028332112966,9715.932283617898
1991,Actual,8569.56263661294,10996.028332112966,9715.932283617898
2023,No action counterfactual,2793.2431819855224,3615.689538615319,3172.4356471880324
2023,Actual,4246.5461555919355,5292.487874627331,4732.894412297024
