yrs,.variable,LCL,UCL,mean
1991,No action counterfactual,8521.955007393231,10941.605250477249,9646.414808642483
1991,Actual,8521.955007393231,10941.605250477249,9646.414808642483
2023,No action counterfactual,2793.1758963121797,3611.8767659525042,3177.431911273337
2023,Actual,4242.947606132846,5288.064794177038,4731.3372957117435
