yrs,.variable,LCL,UCL,mean
1991,No action counterfactual,8568.473058034113,10985.842476944445,9706.823967900376
1991,Actual,8568.473058034113,10985.842476944445,9706.823967900376
2023,No action counterfactual,2795.389024094621,3607.0811474650204,3172.060479940047
2023,Actual,4243.204009642147,5289.909349700363,4732.526883908565
