yrs,.variable,LCL,UCL,mean
1991,No action counterfactual,8593.285678824148,10881.364442830127,9742.036409238528
1991,Actual,8593.285678824148,10881.364442830127,9742.036409238528
2023,No action counterfactual,2802.251338289432,3626.4959866070653,3172.241045700151
2023,Actual,4276.110431977657,5302.858835478846,4740.338011837589
