yrs,.variable,LCL,UCL,mean
1991,No action counterfactual,8570.896959351467,10998.536224406638,9711.648134631669
1991,Actual,8570.896959351467,10998.536224406638,9711.648134631669
2023,No action counterfactual,2794.3904331332983,3616.37428481007,3172.8608183448005
2023,Actual,4238.473465253022,5301.404161120681,4734.204350221887
