yrs,.variable,LCL,UCL,mean
1991,No action counterfactual,8527.756947798256,10946.922601659038,9647.727035597356
1991,Actual,8527.756947798256,10946.922601659038,9647.727035597356
2023,No action counterfactual,2792.1987214351093,3606.7230438951938,3176.827675771937
2023,Actual,4244.123439929398,5290.705979443857,4732.247002759224
