yrs,.variable,LCL,UCL,mean
1991,No action counterfactual,8643.3639637771,11066.52198079495,9803.15201839436
1991,Actual,8643.3639637771,11066.52198079495,9803.15201839436
2023,No action counterfactual,2828.2360354280218,3633.2352458143673,3216.8187306338773
2023,Actual,4379.880522116464,5554.1665077624475,4917.91537454097
